peak_I,peak_time,final_S,final_R
303.7882406765716,26.5,59.1307318380345,939.3180655575663
