migration_intensity,seed,peak_time,peak_value
0.0,42,14,0.333
0.0,43,14,0.3333333333333333
0.0,44,17,0.3333333333333333
0.1,42,16,1.0
0.1,43,15,1.0
0.1,44,35,1.0
0.2,42,16,1.0
0.2,43,15,1.0
0.2,44,17,1.0
0.3,42,15,1.0
0.3,43,17,0.9996666666666667
0.3,44,19,1.0
0.4,42,18,1.0
0.4,43,18,1.0
0.4,44,21,1.0
0.5,42,20,1.0
0.5,43,21,1.0
0.5,44,19,1.0
